{
    "basic": {
        "time_taken": [
            0.4000663757324219,
            1.1510848999023438,
            2.984285354614258,
            10.043859481811523,
            21.950960159301758,
            38.76304626464844,
            91.79496765136719,
            166.7337417602539,
            264.53185081481934,
            380.4469108581543,
            694.1590309143066,
            1086.843729019165,
            1540.3802394866943,
            2160.875082015991,
            2682.309150695801
        ],
        "memory_consumed": [
            14328,
            14280,
            14260,
            14916,
            15572,
            16976,
            20192,
            24932,
            30956,
            38012,
            56628,
            79820,
            108796,
            134268,
            171228
        ]
    },
    "efficient": {
        "time_taken": [
            0.3910064697265625,
            1.728057861328125,
            5.714178085327148,
            20.634889602661133,
            47.24884033203125,
            79.81681823730469,
            181.69784545898438,
            317.8389072418213,
            534.0962409973145,
            722.4411964416504,
            1305.016040802002,
            1987.3499870300293,
            2841.5591716766357,
            4002.15482711792,
            4869.079828262329
        ],
        "memory_consumed": [
            14220,
            14284,
            14196,
            14188,
            14204,
            14356,
            14272,
            14544,
            14396,
            14804,
            14676,
            14652,
            14980,
            14668,
            14608
        ]
    },
    "input_size": [
        16,
        64,
        128,
        256,
        384,
        512,
        768,
        1024,
        1280,
        1536,
        2048,
        2560,
        3072,
        3584,
        3968
    ]
}