{
    "basic": {
        "time_taken": [
            2.7420520782470703,
            2.268075942993164,
            9.636163711547852,
            9.52291488647461,
            10738.399982452393
        ],
        "memory_consumed": [
            14604,
            14460,
            14940,
            14916,
            690884
        ]
    },
    "efficient": {
        "time_taken": [
            5.800008773803711,
            3.05938720703125,
            21.489858627319336,
            21.76499366760254,
            21567.885160446167
        ],
        "memory_consumed": [
            14288,
            14484,
            14436,
            14608,
            12280
        ]
    }
}