{
    "basic": {
        "time_taken": [
            2.3970603942871094,
            23.003101348876953,
            4.805326461791992,
            34.56473350524902,
            23.874759674072266,
            41.510581970214844,
            188.80510330200195,
            232.27286338806152,
            285.306453704834,
            621.5488910675049,
            850.7366180419922,
            1956.2427997589111,
            2013.4668350219727,
            2516.209840774536,
            3434.34739112854
        ],
        "memory_consumed": [
            9536,
            9568,
            9684,
            9832,
            10216,
            9936,
            11040,
            11504,
            13036,
            14560,
            17984,
            22612,
            28280,
            34972,
            40656
        ]
    },
    "efficient": {
        "time_taken": [
            2.114534378051758,
            5.370378494262695,
            8.111953735351562,
            25.397539138793945,
            61.81597709655762,
            94.879150390625,
            207.38768577575684,
            679.1050434112549,
            975.9607315063477,
            1265.0012969970703,
            1656.5477848052979,
            2604.579448699951,
            3457.467794418335,
            5242.4421310424805,
            7195.35231590271
        ],
        "memory_consumed": [
            9544,
            9544,
            9552,
            9568,
            9584,
            9604,
            9636,
            9696,
            9732,
            9744,
            9760,
            9760,
            9764,
            9768,
            9784
        ]
    },
    "input_size": [
        16,
        64,
        128,
        256,
        384,
        512,
        768,
        1024,
        1280,
        1536,
        2048,
        2560,
        3072,
        3584,
        3968
    ]
}