{
    "basic": {
        "time_taken": [
            0.3409385681152344,
            1.7368793487548828,
            3.5381317138671875,
            10.319232940673828,
            23.074865341186523,
            39.34907913208008,
            90.43097496032715,
            163.04826736450195,
            260.1339817047119,
            380.65481185913086,
            677.9561042785645,
            1065.8738613128662,
            1521.200180053711,
            2061.429023742676,
            2553.7259578704834
        ],
        "memory_consumed": [
            14664,
            14828,
            14592,
            15732,
            16372,
            17568,
            20784,
            25520,
            31432,
            38360,
            56928,
            80592,
            109420,
            126848,
            155484
        ]
    },
    "efficient": {
        "time_taken": [
            0.2918243408203125,
            1.7290115356445312,
            5.688190460205078,
            21.143198013305664,
            44.71182823181152,
            80.1088809967041,
            176.79905891418457,
            315.81997871398926,
            506.0086250305176,
            712.4888896942139,
            1293.9348220825195,
            2094.317674636841,
            2805.553913116455,
            3717.4320220947266,
            4836.273193359375
        ],
        "memory_consumed": [
            14620,
            14748,
            14980,
            15052,
            14960,
            15020,
            15132,
            14916,
            15040,
            15080,
            15320,
            15384,
            15412,
            15540,
            15200
        ]
    },
    "input_size": [
        16,
        64,
        128,
        256,
        384,
        512,
        768,
        1024,
        1280,
        1536,
        2048,
        2560,
        3072,
        3584,
        3968
    ]
}